subj_id,value,value,value,value,value,value,value,value,value,value,value,value,value,value,value,value,value,value,value,value,value,value,value,value,value,value,value,value,specimen_id
,F,F,F,F,F,F,F,F,F,F,F,F,F,F,H,H,H,H,H,H,H,H,H,H,H,H,H,H,
,d,d,d,d,d,d,d,v,v,v,v,v,v,v,d,d,d,d,d,d,d,v,v,v,v,v,v,v,
,ll4,ll7,lv,s,t,ws,wv,ll4,ll7,lv,s,t,ws,wv,ll4,ll7,lv,s,t,ws,wv,ll4,ll7,lv,s,t,ws,wv,
0,0.1551,0.1584,0.174075,0.33181208725723,-0.008782929228178,0.231896919449138,0.096525,0.151804156366589,0.15826,0.126919919253378,0.34276882763752,0.048710085586435,0.223981615316972,0.078111187418961,0.133623,0.129987,0.158166,0.320186137290483,0.00669556097561,0.211083814263434,0.08181,0.131515,0.13605,0.10884,0.352841652463254,0.059373219465902,0.211525545646383,0.067118,0
1,0.1584,0.146025,0.155925,0.320926060409559,-0.008808775680635,0.223599352917221,0.0924,0.142206,0.179196,0.116724,0.334558039287655,0.021873951331149,0.221119527875762,0.063294,0.133917,0.122985,0.15487,0.31258054854709,-0.001945724826024,0.214116010519998,0.081079,0.128169,0.132714,0.125442,0.329089386624667,0.020825426076794,0.213941603513669,0.060903,0
2,0.146379,0.138109,0.161265,0.255564410106337,-0.044308345221512,0.217779109269002,0.091797,0.141075,0.147675,0.12375,0.210648204953187,-0.0475250892172,0.215402428607479,0.070125,0.125218,0.12796,0.151724,0.244176601090277,-0.037007684416499,0.20117345555515,0.080432,0.118491697343246,0.12922,0.12376,0.197941211979719,-0.048957812432929,0.200798876988891,0.06097,0
3,0.165369,0.181158,0.170355,0.388908887819499,0.047587397738315,0.232970668445622,0.09141,0.163152,0.154912,0.128544,0.369102335944925,0.048691351566031,0.227437434385811,0.07416,0.14167,0.142584,0.144412,0.375681797025089,0.058797801939425,0.215897557225643,0.081346,0.138928,0.138928,0.12339,0.362847639650584,0.056098490797094,0.218453648401669,0.067636,0
4,0.164573,0.160438,0.178632,0.270676733623339,-0.01642474689059,0.205577296161322,0.090143,0.150514,0.15713,0.124877,0.253910549574058,-0.021383470180249,0.206586189105177,0.075257,0.11895,0.14274,0.15921,0.255389924674017,-0.00327360351906,0.202415703565707,0.07503,0.133736,0.125492,0.124576,0.250083098445297,-0.017777952215353,0.198063687292749,0.06412,0
5,0.16107,0.17563,0.19838,0.234804688624397,-0.033539466747899,0.228933285041734,0.091,0.177772,0.158725,0.142399,0.246840679050273,-0.017266926677833,0.226969387867615,0.083444,0.14378,0.15379,0.18473,0.233473087314149,-0.031576183643764,0.234046975840322,0.08008,0.15419,0.151469,0.160539,0.233114880781987,-0.042660648507209,0.236937150016624,0.070746,0
6,0.153216,0.147744,0.180576,0.246408831010579,-0.056294964969813,0.21815871154735,0.10032,0.15106,0.1365,0.11921,0.245868460767134,0.051028539665379,0.221670471195421,0.08463,0.133476,0.132580428930045,0.179784,0.229731177753478,-0.056439458595659,0.207981557413151,0.082628,0.133035,0.123985,0.13756,0.226772486701981,0.027219426113357,0.208287671862739,0.06878,0
7,0.139384,0.143000898462144,0.157724,0.219354757115044,-0.055521577014627,0.217763849768505,0.07336,0.129788,0.1371,0.116992,0.211294185987216,0.042376307798164,0.215897557225644,0.072206,0.115189,0.123352,0.161446,0.205032159792068,-0.052072203570545,0.211768476374554,0.068025,0.115584,0.118293,0.12642,0.187902127981564,-0.004654409730445,0.208663351772658,0.051471,0
8,0.165977,0.157724,0.185234,0.318109137166791,0.060158292631181,0.215690018139459,0.092617,0.147476,0.150224,0.116332,0.244818886624378,0.045371512933666,0.225093837356779,0.063204,0.132422,0.115189,0.178679,0.30411021559461,0.031479332525077,0.218051930174901,0.084351,0.12489,0.13394,0.14118,0.242622719103138,0.002559726547895,0.216779144349727,0.06516,0
9,0.124304,0.135272,0.180058,0.257196416895726,0.037759503490895,0.217174555065735,0.089572,0.138769,0.14704,0.116713,0.243597414643506,0.001842796117749,0.217492567801753,0.067087,0.113375,0.119724,0.161060949770896,0.252934314461285,0.049890615436738,0.198120858028629,0.078086326511112,0.126073,0.140242322703194,0.108430825619218,0.233106058258896,0.006157105165979,0.198185207583714,0.062819163103308,0
10,0.1353,0.1584,0.174075,0.320763776983936,0.033216229898766,0.216189357103906,0.076725,0.149687,0.139763,0.135691732514932,0.323682559896266,0.049894310343232,0.217028814448681,0.059687403704634,0.115189,0.135143,0.164167,0.311740267397396,0.025634510916157,0.206803955987307,0.069839,0.139077,0.118558425484792,0.119988,0.322192738703094,0.045258433193244,0.203818800791291,0.047268,0
11,0.135464,0.13216,0.151158,0.248737114705466,0.005782,0.206580932140408,0.080122,0.129368,0.13184,0.10712,0.238376805583094,0.019383053503277,0.20455291735881,0.069216,0.111438,0.11325,0.143148,0.23556,0.014496,0.18358520136438,0.06795,0.126907,0.108861961997266,0.103169,0.237774719903105,0.029204602615266,0.183594742988464,0.05478,0
12,0.131493,0.126906264873953,0.145552,0.253020106009384,0.039641190970447,0.192692774669939,0.0827,0.123971,0.128897,0.11344732597661,0.231284603467243,-0.011183352805427,0.189658108091903,0.071445871070343,0.10101,0.119026836712042,0.13631961374036,0.230041088503771,0.042004295498574,0.168411475262228,0.066827713562563,0.11856,0.124032,0.097584,0.227271058747039,0.011536868138235,0.162351370058894,0.051984,0
13,0.117493141441849,0.130668681925066,0.158148,0.251286746041251,0.004330956923347,0.210437466512026,0.080316,0.132825,0.131175,0.11385,0.257447591754128,0.031827129624694,0.207129225967752,0.063525,0.112716,0.117130816649065,0.134532,0.25125424311044,0.019138442078384,0.184177397888557,0.065448,0.119734,0.11882,0.099626,0.258461682150372,0.038721310359017,0.183777650665145,0.044786,0
14,0.170774,0.141759,0.166629,0.356066839458549,0.047848428889497,0.226037457393681,0.078755,0.130192,0.146672,0.120304,0.34373444196356,0.057569877695946,0.219253688169663,0.050264,0.146934,0.119724,0.159632,0.332573537807806,0.045443178194818,0.210582274527084,0.068025,0.125856,0.14592,0.10488,0.345580616123069,0.057500501710836,0.209809559362771,0.041952,0
15,0.154275,0.150436982399876,0.190976692889116,0.349952708412151,-0.008612357123001,0.270963208987862,0.094878586888718,0.1485,0.150975,0.1683,0.300463142498377,0.024951515393618,0.269901117309655,0.07425,0.141492,0.127887,0.186842,0.315360913172511,-0.018077259003602,0.250537305304021,0.089793,0.128794,0.128794,0.178593302495393,0.291317895327424,-0.012484120531738,0.244528612978113,0.068955864290139,0
16,0.135190054324175,0.159225,0.188925,0.373878859057315,0.062395472739473,0.285151795102188,0.094875,0.145374402982725,0.146316,0.140562,0.372398660819289,0.065099573706046,0.282180759407866,0.073158,0.128794,0.148749892221344,0.17233,0.371980593310995,0.057686364392061,0.258291242501561,0.091607,0.134828,0.123896,0.152137,0.33252623131717,0.049367780802171,0.25622431716174,0.064681,0
17,0.166227,0.15713,0.151341,0.381807190390647,0.057088228363741,0.277056108732509,0.089316,0.1485,0.1716,0.149325,0.293210617560142,-0.002188572589534,0.273175925458302,0.0825,0.157603,0.141205,0.152137,0.357624070365796,0.054629557003048,0.263789170067689,0.079257,0.138168,0.146349,0.155439,0.282712152427164,-0.005748951033024,0.260285289157878,0.078174,0
18,0.18238,0.172432,0.19067,0.307613740411575,-0.056503125015557,0.265436686539371,0.097822,0.17388,0.175536,0.134964,0.337045839066439,0.050782845003001,0.265767363684859,0.093564,0.159075,0.15453,0.183618,0.286479249379427,-0.057849645460534,0.24117467676769,0.089082,0.151469,0.153283,0.14512,0.313928148232999,0.024318362702281,0.240067325958782,0.070746,0
19,0.1654,0.167881,0.196826,0.290507808523282,-0.017925101028505,0.256263268105283,0.101721,0.167031,0.165369,0.146256,0.236916628038219,-0.025327254247095,0.252221847669864,0.093072,0.146349,0.146349,0.186345,0.279313085010352,-0.025360486535921,0.239819284055724,0.092718,0.14299,0.14842,0.15204,0.214807426431211,-0.037799333096348,0.240075878213535,0.07783,0
20,0.165423,0.152255,0.162397544885351,0.298759202305134,0.028457510224033,0.261715294021958,0.070782784721993,0.144025,0.169538,0.148963,0.249423317516627,-0.012559163205318,0.254340290701257,0.065017,0.144213,0.127887,0.156911,0.277015381105454,0.033935914446871,0.242338790665052,0.065304,0.125166,0.150562,0.151469,0.237801839582876,-0.010620798646737,0.240356711314662,0.053513,0
21,0.141556,0.136618,0.1646,0.275005175994926,0.035152240024492,0.223216656856069,0.066663,0.134312,0.141728,0.137335015509251,0.291100669322487,0.021291986142779,0.220310234351471,0.057685885414025,0.13013,0.12376,0.14651,0.26118426790295,0.036685704500229,0.226209600370983,0.06461,0.119196,0.122808,0.141771,0.270214357325809,-0.002398002518553,0.218841076576131,0.052374,0
22,0.159418,0.167678,0.162722,0.314092948816111,0.022066097365667,0.239682371483595,0.0826,0.152168,0.157957,0.147206,0.292759168076766,-0.007373866286996,0.235731269139247,0.062025,0.137259,0.134532,0.152712,0.296647522795994,0.033683344919996,0.221113198995447,0.077265,0.127323,0.138159,0.160734,0.270252075163171,-0.014380115521094,0.214921588101335,0.062307,0
23,0.172843,0.29772,0.163746,0.183828539378411,0.001972076923077,0.252397636092337,0.077738,0.150049,0.177406,0.150049,0.291699644655252,0.021794272862801,0.250684446111042,0.072123,0.135143,0.137864,0.155097,0.269476706186268,0.010973809952116,0.220391668526739,0.068932,0.133496,0.137104,0.140712,0.269969368492057,0.02083483623987,0.218741974115623,0.055924,0
24,0.153822,0.167054,0.139763,0.332825119972937,0.067840881208218,0.238543272384698,0.077738,0.14994,0.14994,0.130781,0.343214196119566,0.041367777061463,0.237878023493134,0.054978,0.12649,0.13377,0.13286,0.309508378077234,0.060484320626539,0.206311269687334,0.07007,0.14118,0.133035,0.13575,0.316352843870574,0.036298400894698,0.203302967575488,0.05611,0
25,0.153252384950009,0.149107,0.207656221897224,0.179958849207256,-0.056625497863153,0.235775790415386,0.09246675217612,0.142443,0.152439,0.105304898996408,0.218323881142215,0.034270690452865,0.235384045491618,0.076640527040202,0.156348,0.114534,0.179073,0.189179039412404,-0.058016324360469,0.217252901665317,0.084537,0.114534,0.129655783613506,0.121806,0.193830262830653,0.016560318698079,0.21643555330167,0.073629,0
26,0.155397,0.155523281923522,0.205257,0.247777390300245,-0.070080756280371,0.23410171191386,0.09141,0.157059,0.161939748071449,0.159552,0.20973491769374,-0.072420777524743,0.22521479847026,0.082269,0.134236,0.131515,0.175051,0.207710921246332,-0.071263552078504,0.21321446102223,0.078002,0.128592,0.1368,0.144096,0.19894982651915,-0.059845922116175,0.216144,0.062016,0
27,0.177406,0.163496815502726,0.195644,0.311194277379903,-0.007079294202666,0.261324417016474,0.072123,0.167256,0.16974,0.164772,0.32543033481223,0.012644832486831,0.262496895067351,0.067068,0.153283,0.144213,0.185028,0.29038168416758,-0.021360709959874,0.249466223866078,0.069839,0.143306,0.14512,0.161446,0.310227148813575,-0.004744764750524,0.254997690691504,0.048978,0
28,0.162919,0.187729,0.21640914009993,0.281715823284742,-0.032375198119886,0.233391356320237,0.100897389287335,0.182104,0.172216,0.173864,0.28132209571237,-0.024726559322763,0.234932501080629,0.09064,0.162453320346592,0.15225875669784,0.184212,0.281078241793989,0.001226169254401,0.222154517678574,0.089397,0.13923,0.1638,0.17927,0.274575818673094,-0.026089040208967,0.219581698918648,0.0728,0
29,0.1656,0.173552453333448,0.182482948043248,0.369363180688059,0.049959985196657,0.263158148283499,0.074538397728956,0.144375,0.15675,0.12705,0.396103970726121,0.083796028045293,0.266888456335226,0.06435,0.133348,0.14127096247753,0.179299,0.334281928392786,0.024068082845405,0.254785531310159,0.07208,0.135888,0.128592,0.19152,0.364111931098117,0.054526221756395,0.25588711311045,0.058368,0
30,0.174144,0.175958,0.19047,0.387157282050848,0.051496043251367,0.277353718815883,0.080723,0.16344,0.164348,0.130752,0.385954476154896,0.078020080105084,0.27983198850739,0.064468,0.165438,0.155439,0.184527,0.350022840674719,0.038938985590617,0.230844840819543,0.067266,0.152712,0.15453,0.10908,0.36799571417613,0.070843258210807,0.236525223572455,0.034542,0
31,0.143464,0.163355188871454,0.195282923298649,0.323375502943559,0.0826079358649,0.268013854119521,0.080832401919033,0.157776,0.145008,0.121010283410014,0.343058713295552,0.073144954663257,0.270913126858039,0.061110805591156,0.152290446521378,0.164268158312112,0.174677202990956,0.300951623396519,0.065232269535592,0.260245334876535,0.070613201315335,0.154930993941538,0.148798609502861,0.122162806708836,0.330691241093561,0.069013912709142,0.262234966341257,0.046241515762354,0
32,0.133152,0.152304,0.174192,0.30556899905586,0.075029738304746,0.26722222518346,0.075696,0.145167,0.119603,0.114359860413286,0.298664056575277,0.08067036079679,0.270927269637074,0.065761356220808,0.13635,0.14322570943782,0.173970290524913,0.303607360775394,0.055294160133177,0.262019151452713,0.069998902348537,0.137864,0.127887,0.1159135926466,0.293236059728336,0.072325898852044,0.26403671999364,0.050864831711115,0
33,0.134133368994261,0.1596,0.172368,0.325604436333414,0.063075831395761,0.280577507751423,0.078432,0.158295,0.150975,0.125355,0.306690201750887,0.080223334791447,0.284076187888038,0.068625,0.153187577084071,0.154297,0.173542835874961,0.314204675464895,0.063333388822065,0.271462092095747,0.071587584202849,0.136857090298535,0.15824685014014,0.115282223542921,0.301207331127581,0.055149447784672,0.271417028988603,0.043778059573261,0
34,0.166166,0.175920918105915,0.143341,0.307207881051252,0.041003594144509,0.226688909547865,0.074866,0.141686364798171,0.12824,0.110836,0.280319946689493,0.076666247256252,0.231863828761625,0.044884,0.119734,0.128874,0.135549208585575,0.296205106134246,0.035767945654749,0.209433681579635,0.056675370488423,0.129701,0.116594213576257,0.090698348510976,0.272703996303684,0.059687582951485,0.208848444162268,0.049187505618805,0
35,0.129525,0.12705,0.14685,0.245093046106984,-0.016229431431695,0.189329860957008,0.076725,0.124726,0.118118,0.101598,0.204063797337989,-0.039097561446449,0.183150483319046,0.055342,0.121538,0.117003,0.130608,0.230378,-0.026857183795468,0.169179206783813,0.058955,0.109989,0.119988,0.107262,0.207283892283023,-0.033334406981376,0.17220692520918,0.050904,0
36,0.132342,0.13697279798042,0.128686928793565,0.215370274717752,-0.016614716971495,0.193381505485918,0.075561430637595,0.118656,0.1236,0.079104482295874,0.227676135596158,0.0177020895635,0.180456,0.051147771486156,0.119472,0.117088272709721,0.121285986002572,0.199730082180927,-0.026857015934724,0.17516336493685,0.065065943165377,0.116352,0.108171,0.080901,0.221842562735378,0.0144119308997,0.177257330753907,0.050904,0
37,0.142379,0.129211,0.162954,0.225508007219256,-0.021952794519097,0.210818160965795,0.083946,0.124424,0.133488,0.087934573817627,0.192831845502759,0.019343944183175,0.200369286269129,0.051918539270669,0.134828,0.131184,0.14576,0.193082576223232,-0.006899323871002,0.180483792208608,0.06377,0.124533,0.119001873109689,0.109650800627696,0.177292288385592,-0.031769709241164,0.177590313612539,0.044550274544609,0
38,0.121656,0.120834,0.150426,0.231566314311905,-0.01966452012384,0.192490216655289,0.0822,0.11715,0.11055,0.101475,0.206783908948448,-0.010042130429428,0.188318787233245,0.05775,0.114912,0.10944,0.145008,0.219809028386006,-0.01654583586504,0.171494804119542,0.067488,0.095140292974863,0.106353,0.113625,0.180039377217874,-0.026388833979108,0.171995675416564,0.046359,0
39,0.13038,0.137349073665232,0.113199415219359,0.200901673462418,-0.032509170823179,0.168395739851102,0.071457718967233,0.126742,0.126741549692842,0.076539,0.181211443482469,-0.031144551649942,0.166093145075286,0.043619,0.111142,0.10932,0.112053,0.189803084189905,-0.03811626530646,0.165313243900784,0.060126,0.118817,0.110654,0.087072,0.165990912272329,-0.029610459371648,0.16033646263405,0.047164,0
40,0.15675,0.132,0.177016887106236,0.364653733012566,0.060281112920788,0.204510161727969,0.087453891422852,0.141246,0.147028,0.129059258762786,0.381870261094,0.058328153885058,0.200719699581282,0.071880985997689,0.112468,0.113375,0.161446,0.343987447755002,0.060475673284828,0.195007109290918,0.078909,0.124259,0.127887,0.125733345748186,0.364618512409888,0.055259971593498,0.188710499339597,0.065310298307388,0
41,0.1551,0.15015,0.17655,0.343200991585106,0.069516172398278,0.203536044105215,0.0792,0.142244,0.152168,0.135628,0.332470457304104,0.038326716622744,0.200461797667286,0.07443,0.120040680147322,0.119017208579509,0.153621,0.330887237446536,0.071019448188939,0.196044980639648,0.070902,0.129078,0.133623,0.129987,0.323685697552425,0.036776851299557,0.193035733109184,0.060903,0
42,0.153078,0.144025,0.162131,0.355559812859946,0.050022741926025,0.206894081145402,0.085592,0.134475,0.1419,0.134918357603672,0.345690751431102,0.054500181980578,0.207076643419773,0.074268331070518,0.11791,0.118817,0.156911,0.345004726287916,0.054484413918195,0.190547726997726,0.074374,0.123361132256328,0.123255,0.13695,0.337959254865139,0.053340190552271,0.189906194698856,0.060258,0
43,0.143376,0.14008,0.159856,0.322605208042276,0.058004036602741,0.184605426225775,0.083224,0.126684,0.130824,0.12006,0.307188,0.048487912642532,0.190484994684621,0.072036,0.102039,0.111972,0.14448,0.292584541397867,0.060372978672563,0.179706075147725,0.074046,0.1145,0.110836,0.122243161059599,0.294178644527437,0.050372112965527,0.181451253619257,0.066874273678299,0
44,0.146316,0.13152,0.161112,0.314894671361711,0.059082519120407,0.194286094870425,0.085488,0.133469,0.134298,0.137614,0.281677072993171,0.028479165539524,0.194001941652655,0.078755,0.107457,0.102942,0.142674,0.303408,0.062423382038211,0.189939347677094,0.076755,0.116992,0.115164,0.136186,0.27632443684915,0.033304293454379,0.188286218433533,0.066722,0
45,0.117434,0.123223,0.160438,0.194431200032299,-0.037240772899014,0.19604261329109,0.068641,0.12679,0.125154,0.080164,0.207420671467431,0.051182468236967,0.187537984653776,0.046626,0.126351,0.108171,0.131805,0.175721714565958,-0.030070076244101,0.163683112827805,0.049995,0.119724,0.116096,0.105212,0.193403793605503,0.020393333537063,0.159840576803889,0.039908,0
46,0.103044,0.119664,0.128805,0.192140785938332,0.042766273455974,0.174527806234422,0.063156,0.104394,0.097818,0.07398,0.171362850816622,0.038295772172933,0.174388031332428,0.05754,0.095235,0.102491,0.116096,0.170083662016667,0.049850820482455,0.165074,0.051699,0.100566,0.090458259598865,0.084258,0.15311668044991,0.039537682370099,0.163996010744164,0.041676,0
47,0.119232,0.108468,0.149868,0.166775726291328,-0.01153111477661,0.173950956950515,0.081144,0.10686,0.103322284982377,0.052608,0.188282863649351,0.039926095836755,0.172627828393918,0.055074,0.093421,0.09977,0.142399,0.153293733352019,-0.009994280503461,0.163383406137221,0.061676,0.09919,0.10374,0.08281,0.164772833319088,-0.005449367078517,0.162003003984494,0.03276,0
48,0.121275,0.132825,0.1518,0.177949650533515,-0.052537355126794,0.195540663929526,0.0693,0.10634,0.111248,0.068712,0.164873170952705,0.053621661872228,0.197139697088131,0.049898,0.120631,0.115189,0.147841,0.153065487684193,-0.040927438229561,0.181674160322815,0.057141,0.112468,0.105406038109581,0.092338459001226,0.168272334565133,-0.02711653314798,0.189563,0.034513703829059,0
49,0.129876,0.1233,0.158100573729666,0.165883184500419,-0.018591241115359,0.18642735289651,0.07562846725936,0.119541932354249,0.108372,0.060391208111608,0.165225102635768,0.051737567147886,0.193896840760751,0.03288102437577,0.129701,0.120631,0.132422,0.166181608278413,-0.03324412112449,0.1759883865515,0.060769,0.115300901215315,0.11284,0.100157012415712,0.16041831441578,0.037572021566909,0.184786025986815,0.040132960269584,0
50,0.105728,0.104902,0.147028,0.167513125837947,-0.019824,0.179513954978436,0.06608,0.093982580051616,0.09075,0.080818290696667,0.202991916403092,0.044338955821922,0.178217186671207,0.048786736158509,0.087979,0.087996914135616,0.134236,0.159840576803889,-0.012767931088513,0.17013444011722,0.057141,0.080812,0.083536,0.083754310699004,0.199793015453494,0.045749230769231,0.16927808713475,0.045842760998875,0
51,0.147854,0.161896,0.194936,0.409379466431818,0.057628487852606,0.231303598796041,0.092512,0.167458,0.145075,0.137614,0.393945998660984,0.062543944001391,0.231344477688576,0.096164,0.118686,0.115968,0.166704,0.399944359235132,0.053210636193069,0.218353518542752,0.085164,0.1274,0.13286,0.14014,0.384021078197538,0.059916965562172,0.216587646923826,0.07826,0
52,0.114126,0.117434,0.133974,0.22412310323793,-0.012893727603006,0.181114888118012,0.07443,0.114126,0.11578,0.085555777212554,0.225825520889469,0.013137231544502,0.18194751802649,0.064527201643958,0.102491,0.097956,0.116096,0.208659287655738,-0.001574047401932,0.174380037951596,0.061676,0.101584,0.098863,0.089793,0.225001821014853,0.002721,0.171444593878022,0.048978,0
53,0.129636,0.123819,0.1662,0.284300390863256,0.008211161381103,0.196413314887255,0.0831,0.114675,0.126225,0.107929926250937,0.244472989305567,0.013517001130776,0.195531961901373,0.063786959874257,0.114,0.108528,0.169226872344629,0.269301107194159,0.0003648,0.190188629565492,0.070229921828235,0.104765,0.114786,0.122074,0.237203128385778,-0.01608867464329,0.188632004055515,0.056482,0
54,0.120205,0.130982,0.130982,0.234623110754248,0.00712037305459,0.176958006784096,0.079584,0.122396,0.122396,0.097586,0.236558142343484,0.018453080495264,0.170460328419841,0.056236,0.10738,0.114882277916615,0.13195,0.220897696909678,0.005981681818879,0.16785738738584,0.07189,0.122476,0.106938,0.096533400167076,0.229503197799072,0.010485316790101,0.168978801274006,0.051257393808113,0
55,0.1386,0.141075,0.15675,0.185395691697515,-0.03682985887575,0.191031595881414,0.073425,0.129054,0.130698,0.120834,0.182643146819146,-0.058348214243341,0.189922917669248,0.076446,0.118892817860691,0.116058939775382,0.149330136854583,0.1769231314724,-0.030049195368828,0.184315254669818,0.065930852535061,0.110207208417,0.117750116837275,0.114143999891847,0.169349895863564,-0.057848405768871,0.182772302466758,0.062052151131125,0
56,0.131652,0.127043945560751,0.14904,0.208662571325094,-0.049353248736969,0.178043105477297,0.076176,0.1221,0.12375,0.109725,0.175959174952601,-0.02737347184771,0.176659837328692,0.0693,0.09919,0.10647,0.149853480036588,0.185749257064463,-0.051921516184871,0.178380891633605,0.067346148367965,0.10884,0.109747,0.113375,0.169647797701591,-0.032450178365693,0.177387497445564,0.065304,0
57,0.148749,0.14127,0.144594,0.19287973650179,-0.04390028904212,0.172848,0.063987,0.129839,0.121569,0.116607,0.173677876011886,-0.035083809567635,0.170562610041005,0.063679,0.106938,0.122476,0.136186,0.167900083442505,-0.050131587967655,0.167982160028975,0.058496,0.117003,0.113716300512065,0.117003,0.165163678936987,-0.036413281998171,0.165136282206546,0.053513,0
58,0.138109,0.138783778515459,0.14009141754091,0.182774484009667,-0.037636698705932,0.182308018704609,0.062938992429177,0.12705,0.127875,0.10526016089771,0.189864747912823,-0.011431925744576,0.18233246591049,0.067655030300784,0.117519,0.11843,0.143938,0.169925311334127,-0.041402330932179,0.171328561101178,0.060126,0.117261,0.117261,0.123624,0.172827173410318,-0.036451012400878,0.170930676474412,0.059085,0
59,0.129839,0.131255870179694,0.15137489638681,0.129276792364291,-0.050028974458046,0.173740871253715,0.075710032023504,0.126531,0.125749767354531,0.117434,0.145702286049327,-0.039759556231651,0.172874652604134,0.061198,0.114483859672654,0.104674120626847,0.139459378579276,0.118079461550263,-0.040813784436144,0.152968761386108,0.066946990522353,0.116864,0.10956,0.114516352338111,0.132498289456883,-0.037365438501879,0.153517088094453,0.05752624557539,0
60,0.128426,0.142332,0.150512,0.204213499308934,-0.052285131853383,0.211145432988734,0.0818,0.136144334972876,0.13035,0.107574258191157,0.207076643419773,-0.041615008224144,0.208267977915473,0.064371150370333,0.125442,0.119988,0.152331593855769,0.190157064349448,-0.042967268408602,0.191065226718521,0.071816752934117,0.134236,0.117003,0.127887,0.193669456822701,-0.050776406619067,0.190685830097572,0.073467,0
61,0.13202,0.141747298365319,0.18614,0.18572773729306,-0.046904908908003,0.186661252540531,0.08528,0.148146147939414,0.152168,0.110818,0.219156560371804,-0.044238736827752,0.1847544653344,0.075257,0.142272,0.140448,0.176928,0.169703081881267,-0.053208440597177,0.1697202351165,0.07296,0.135143,0.137864,0.127887,0.198025333056152,-0.048599435365623,0.168587366967398,0.068932,0
62,0.147317,0.153901,0.162131,0.200422045556371,-0.056101273821632,0.203287663858386,0.089707,0.152352,0.149321600107279,0.126684,0.218598272637274,-0.044738855099813,0.202942783108934,0.061272,0.125166,0.128794,0.15419,0.192155608078453,-0.049829184615385,0.18024671136251,0.078909,0.125166,0.130002826086919,0.142399,0.200971634697536,-0.046617894389855,0.180549963373023,0.064397,0
63,0.138264,0.138264,0.153901,0.153451434287855,-0.062968026854344,0.19015752941706,0.088884,0.138443,0.136785,0.111086,0.20579413651754,-0.020653169042181,0.192506580884914,0.072123,0.116678873028154,0.12726,0.148167,0.139317409859644,-0.059307180015486,0.174991353672117,0.08181,0.11403,0.12127,0.124515056176227,0.172097594550302,-0.041467575629781,0.169476805861451,0.061646378644654,0
64,0.161265,0.155476,0.181113,0.185591035069046,-0.062184517841857,0.191253472590696,0.09924,0.147854,0.147862937626533,0.13629,0.204596381756863,-0.031988312734026,0.190847116781994,0.080122,0.131515,0.120631,0.17233,0.167402324311821,-0.052401796028232,0.178826269258742,0.094328,0.120631,0.132422,0.139887440031859,0.191052181693903,-0.0318167266966,0.173353303891215,0.070751813863674,0
65,0.113988,0.11977,0.125552,0.140538990760571,-0.047527917356343,0.142957669622864,0.075166,0.12045,0.1188,0.133919176946862,0.143374461638048,-0.030979639473565,0.141959943734139,0.059422912247718,0.099397830003685,0.100788,0.128936,0.122633795603007,-0.045912329033478,0.126293628279498,0.067192,0.107144,0.102063890615244,0.133476,0.148001214697718,-0.024909499818753,0.126215266144789,0.05448,1
66,0.124273,0.132503,0.134972,0.167910153430339,-0.044902928269769,0.139919682017935,0.088061,0.1221,0.104775,0.13097303683172,0.176210421087971,-0.022736315793663,0.13560400298295,0.059491596045156,0.10884,0.104305,0.117003,0.159632,-0.0303401885286,0.119314462430168,0.069839,0.096835,0.08507,0.07602,0.162320775780551,-0.0208575380679,0.120419423786198,0.040725,1
67,0.170156,0.178416,0.179242,0.240000977131344,-0.058509268190068,0.180079366613724,0.07847,0.171339114654512,0.178492160151124,0.1584,0.262154054183795,-0.036213357119629,0.176580838428183,0.053625,0.156176,0.168208329812088,0.171612,0.224635970227388,-0.056595549984701,0.167360435802492,0.069916,0.16107,0.16562,0.15834,0.249764747712723,-0.033306,0.165742454730223,0.05278,1
68,0.166044,0.178374,0.193992,0.260905700550984,-0.034826076217772,0.180288044029547,0.078912,0.167380475542553,0.163313,0.179893,0.265747196412304,-0.035062110371826,0.179961751839106,0.071294,0.146313908952679,0.165199621442129,0.152097651613414,0.252278100288154,-0.030803874503106,0.162461904814637,0.066061735861238,0.156791906368955,0.153911095027603,0.161624,0.257124373982709,-0.037881124481726,0.162448280114011,0.051756,1
69,0.146672,0.151616,0.166448,0.248570905328842,-0.013628582094922,0.182111456860901,0.07828,0.157379100881498,0.150514,0.155476,0.250647860716983,-0.035839576769553,0.181205494646272,0.055409,0.134845,0.147515,0.143895,0.239091340077386,-0.017306745371844,0.171066546261974,0.066065,0.14196,0.13468,0.14651,0.2366,-0.032110197425272,0.172986189044097,0.04823,1
70,0.1485,0.139425,0.16995,0.24090565061866,0.007686313710416,0.160894037335136,0.073425,0.14076,0.146556,0.147818243526656,0.246055354455049,-0.017649741104039,0.159823304533475,0.059621749722731,0.13166,0.12712,0.151636,0.230746365345155,0.00199322515596,0.152716854446391,0.06356,0.128724888611547,0.130179650804323,0.1373975529149,0.232305347334064,-0.018629480080103,0.150586585342121,0.051730814772242,1
71,0.163746,0.151341,0.168708,0.217507288882465,0.028410458264398,0.169633807791961,0.081046,0.153088,0.168064,0.145948824099087,0.213225871600985,-0.02680392482149,0.169746351949018,0.0549183026686,0.132422,0.134236,0.157818,0.211712141279143,0.022658668118405,0.160579989117574,0.066211,0.137712,0.143420890514769,0.13137,0.20113404053019,-0.022749423845256,0.156905494320626,0.0453,1
72,0.169796,0.177968,0.192496,0.283297455124468,-0.033880399130408,0.173890890112162,0.087168,0.158725,0.168702,0.160867966938423,0.288598506588305,-0.036924400396376,0.170554591377658,0.067215982533918,0.14651,0.12285,0.1456,0.272128040819023,0.005228083263636,0.14524979759022,0.06825,0.144213,0.151469,0.15498647575149,0.272065229445073,-0.026053676837535,0.143317480552792,0.05725605876237,1
73,0.153216,0.149568,0.162336,0.262757313793546,-0.006933219869814,0.16781047824257,0.089376,0.149655,0.146027,0.149856843978674,0.265752547777063,-0.015749930598138,0.16633746967235,0.068937966847014,0.13605,0.134236,0.156004,0.241304618416225,-0.014103840749483,0.139129188059156,0.074374,0.134976,0.125856,0.125640304926691,0.265844480251142,0.045656927089031,0.140202018359223,0.050193152680421,1
74,0.166348,0.157208,0.158122,0.284306895400024,-0.006431662924144,0.169129519706052,0.085002,0.153283,0.164167,0.158003418281755,0.288484464200414,-0.005821340798723,0.167134285662757,0.066310322763504,0.121002,0.122808,0.139062,0.264800804638128,0.048680448403456,0.145057330890238,0.064113,0.13923,0.13377,0.139292668005547,0.276593598082096,0.018017080784633,0.145713705601086,0.056537297423913,1
75,0.160125,0.156465,0.167445,0.260781420973581,0.000258801081914,0.171400773773049,0.09333,0.15288,0.15561,0.168945648118386,0.259364368023057,-0.036625799925223,0.168372133680131,0.068401498521597,0.119196,0.13545,0.142674,0.246545460118413,0.015477101316765,0.149325732926378,0.074046,0.137864,0.13605,0.153283,0.247692384061359,-0.02828116080799,0.153293733352019,0.059862,1
76,0.152638,0.153552,0.14624,0.247709176656821,-0.028897874765957,0.16559551231842,0.090486,0.151724,0.159036,0.148601237381994,0.241987433591085,-0.029358072569214,0.158124641596432,0.063986528238372,0.14464,0.143736,0.139216,0.237235850376793,-0.029114517554264,0.141026897406133,0.073224,0.133623,0.125442,0.136998707884287,0.232732404516432,-0.009256121474082,0.142898153777437,0.051820973070756,1
77,0.124621576349795,0.135795,0.134149,0.164618516458508,-0.033157484719078,0.137443464049768,0.083123,0.125704,0.117434,0.137606467101061,0.135370578878869,0.041570214086754,0.134925246421861,0.061471194270162,0.094722785092908,0.11703869770702,0.1167490716476,0.167055,-0.015504573655708,0.125155930302962,0.071016228180607,0.106436,0.102828,0.13445041474566,0.137769981186033,0.038151491094228,0.12365627188299,0.051024825330421,1
78,0.159225,0.1584,0.17985,0.217665583522062,-0.048297922517536,0.167475,0.08085,0.167187208801415,0.169682038326098,0.174688,0.224976145224333,-0.042764244740555,0.164009122282878,0.07004,0.12467,0.12014840522994,0.174777712318839,0.208898027037117,-0.024664371079355,0.170172433137685,0.073259239007787,0.146027,0.142399,0.157818,0.221146242113675,-0.03953593368852,0.163282673425566,0.059862,1
79,0.145552,0.162919,0.144725,0.206521621865605,-0.062561869087573,0.160644616956187,0.086008,0.153945755681024,0.143616983590839,0.143071,0.241026167021342,-0.014275586062661,0.161127107713134,0.066987,0.130273,0.123896,0.147582,0.203675234589284,-0.04333156721821,0.157613531440038,0.07288,0.139383,0.131184,0.153959,0.219013570440281,-0.017390880942406,0.156956602167605,0.062859,1
80,0.159611,0.160438,0.157957,0.227128590476849,-0.017811692223074,0.153030757983485,0.088489,0.17015,0.16849,0.15272,0.237393059081347,-0.031874700061481,0.151096479111857,0.05893,0.1365,0.13832,0.15197,0.213060521448719,-0.009197394805052,0.153792692284126,0.07189,0.143184,0.148656,0.135888,0.225280614771888,-0.033058046582887,0.150579458041261,0.05016,1
81,0.171186,0.147918,0.181989,0.217159873572444,-0.052296910429776,0.162523715961702,0.092241,0.150411,0.1662,0.160383,0.225489059311089,-0.028647608333323,0.159867640909597,0.068142,0.12231,0.132276,0.153114,0.210521728446258,-0.020779716733046,0.163645270325787,0.069762,0.13195,0.14105,0.15015,0.209396912345908,-0.028080541661442,0.157282647803246,0.06188,1
82,0.156604,0.165767,0.164101,0.208378242513464,-0.0386512,0.159137886227636,0.089964,0.166227,0.167881,0.152472886977778,0.215847,-0.031303612450995,0.156338001372027,0.066992104743768,0.12712,0.137108,0.153037461357834,0.195759830363637,-0.031237271717166,0.151646873861613,0.071737746605257,0.140448,0.139352817057817,0.147744,0.198918469006777,-0.033990861109994,0.147845298606347,0.05928,1
83,0.107813,0.119575117912629,0.127978013671743,0.127200767104605,-0.056042242025238,0.132809353921326,0.077366377535723,0.115231,0.115231,0.123521,0.144932816039019,-0.024729896446574,0.134798560971547,0.056372,0.09412,0.11222,0.131225,0.113038086612433,-0.050841603908028,0.123928837644836,0.069685,0.1001,0.09646,0.13195,0.137710994840644,-0.02698137726315,0.122214727835887,0.05278,1
84,0.13152,0.128232,0.127012811340981,0.172365383647645,-0.042496062696082,0.137296147913916,0.086313914196959,0.11703,0.11703,0.11205,0.190071812218435,-0.027015817026148,0.134483053579252,0.05395,0.116224,0.111684,0.120764,0.168607067420082,-0.038183188910731,0.120794717897762,0.075364,0.107144,0.101359140183169,0.109708863097592,0.181656741135582,-0.021133862287634,0.121104872304957,0.052695301042882,1
85,0.170704,0.161624,0.17706,0.264304435679767,-0.054170251814973,0.162123139372515,0.08626,0.175051,0.197726,0.189563,0.292996098516687,-0.029245370784451,0.157859695641414,0.068025,0.15925,0.15834,0.17108,0.241156867826732,-0.043202121724445,0.141624186140645,0.06916,0.147096,0.179784,0.177968,0.272294046060504,-0.03199831164346,0.138427570548645,0.051756,1
86,0.17836,0.172860826552223,0.17017,0.304024449345772,0.023464443127748,0.148399768867745,0.07462,0.17654,0.218400948654203,0.1638,0.254360871597815,-0.037431959206005,0.147231700730515,0.06279,0.156348,0.155439,0.160893,0.285751491161463,0.019056059509537,0.12910680312439,0.059994,0.15453,0.153621,0.147258,0.240649917365454,-0.041645061248651,0.127807468831051,0.046359,1
87,0.17328,0.161424,0.176928,0.185519720569,-0.026969947999073,0.138398817104771,0.078432,0.158688,0.16416,0.161424,0.172486181707405,-0.043289973386067,0.139055328959375,0.066576,0.149404,0.121163,0.170357,0.174353595629686,-0.027012847300813,0.130017925106502,0.062859,0.141205,0.143027,0.146671,0.163640554221745,-0.034548043073515,0.121440092926513,0.04555,1
88,0.177316,0.145326,0.197424,0.211260576776643,-0.040512747657962,0.14542656269059,0.083174,0.16434,0.170503619912226,0.176209,0.21882497847595,-0.039851266944758,0.142011860018803,0.074866,0.151803,0.126351,0.175437,0.197453966749215,-0.042117407016682,0.137358291901144,0.068175,0.143306,0.146750989785213,0.17233,0.208698709399459,-0.036726170547733,0.130762224916067,0.06349,1
89,0.156864,0.149568,0.1824,0.19426456319154,-0.041777015252301,0.147309880727669,0.078432,0.163226,0.171479,0.151305,0.193626021146436,-0.035565927390558,0.143980681054786,0.055937,0.157123145984132,0.141500721959719,0.162216831591081,0.182309256204944,-0.03662104695444,0.12309162961794,0.061595918598557,0.143563290172719,0.15460629881523,0.17271,0.179089149018024,-0.030449191019355,0.123677459029526,0.049995,1
90,0.154105,0.161621069291813,0.179095,0.263417729092026,0.042496405275104,0.181956642489358,0.094962,0.1551,0.165,0.15345,0.207914731620922,-0.042803962747865,0.176783082123262,0.078375,0.130752,0.128028,0.13166,0.247111161544759,0.052933063333291,0.171621608196637,0.074456,0.143622,0.140895,0.167256,0.202709038106346,-0.031254075968401,0.169425505576935,0.071811,1
91,0.161408,0.168896,0.171392,0.321494532357861,0.052635102360447,0.188048565641964,0.094016,0.156228,0.169524,0.154566,0.340138969036187,0.01698638015369,0.188615033963361,0.081438,0.126351,0.140895,0.143163570063637,0.30499625404257,0.052059812224637,0.184535955447712,0.080906106580406,0.147906,0.148819,0.144254,0.325593004705261,0.017725444770377,0.184868409956921,0.071214,1
92,0.160826,0.160826,0.186525,0.277857254611068,0.010679193535564,0.190101467603488,0.092848,0.160632,0.171396,0.15732,0.270176793318745,-0.054014280421458,0.187217739544093,0.065412,0.138771,0.134236,0.156004,0.271581003372843,0.028970848157703,0.187803762544844,0.079816,0.149985,0.149076,0.147258,0.256378289386992,-0.046584283620488,0.181836356364727,0.062721,1
93,0.170765,0.165767,0.181292841205667,0.312402765432702,0.056205560805632,0.189400827669786,0.096631590450536,0.171396,0.172224,0.16353363259238,0.308056061910815,-0.023572918416104,0.186364388872982,0.073696651538588,0.132276,0.127746,0.156738,0.301927813372667,0.062170661187894,0.187649201245302,0.080634,0.14833,0.1456,0.15743,0.295755599946983,-0.012709533635147,0.187832905796615,0.06643,1
94,0.122451,0.125783,0.135321199916095,0.238383584887886,0.025359715373312,0.140658654397801,0.074141679627589,0.11536,0.122867556664504,0.132664,0.213668776942257,-0.009528139092939,0.143338109935913,0.067568,0.119724,0.11791,0.14267761312052,0.249703540835928,0.049338819087837,0.170887080266473,0.054336794725122,0.12472825678579,0.131541127320934,0.148214346423378,0.24927575314298,0.01268644007043,0.171143061565463,0.054474816566924,1
95,0.132422,0.147841,0.151469,0.303243347608814,0.032516246027758,0.171478178949976,0.084351,0.14469,0.14651,0.15561,0.302285782828105,0.047297891046416,0.17005073360618,0.07462,0.119856,0.121672,0.148004,0.283441475468923,0.037239071524408,0.148340635565579,0.073548,0.131805,0.126168624013108,0.129890114286419,0.285543219560542,0.046920701852413,0.149543623284311,0.056387314956469,1
96,0.174144,0.155097,0.149655,0.294142211571206,0.018559620111747,0.180100603610871,0.104305,0.152304,0.154128,0.138624,0.278340846129346,0.026027860648705,0.176928,0.0684,0.142713,0.128057918993804,0.130448625761084,0.273646746565714,0.028807505763929,0.149618196928048,0.086359784078007,0.131805,0.130896,0.124533,0.261239072334136,0.03000123746294,0.15364520223554,0.056358,1
97,0.166888,0.147841,0.167795,0.311101,0.032652,0.188969700724746,0.082537,0.14656,0.172208,0.16946,0.341687645547801,0.056460890465149,0.185950256143948,0.075112,0.144213,0.129701,0.157027448715544,0.301289236291309,0.027249548914606,0.161537693062641,0.069891986393291,0.143027,0.159425,0.148135998120238,0.321994364373043,0.046441557062107,0.159864277667026,0.058332461803013,1
98,0.15419,0.147841,0.168702,0.317171299087733,0.020281136555923,0.1845583426589,0.078909,0.154728,0.173148,0.168543,0.321904981387365,0.025712041072115,0.18155150447738,0.069996,0.13213,0.14299,0.151135,0.299785945717941,0.021520009906967,0.162547674545039,0.067875,0.13695,0.146993,0.156123,0.303906968001722,0.047565105512363,0.163490744551488,0.056606,1
99,0.14924,0.16653,0.166760027721339,0.32582575097742,0.029398021111821,0.197041793790048,0.078281159930088,0.16192,0.16008,0.16192,0.308436088679648,0.015882105965299,0.19215670688269,0.06256,0.137043010138973,0.133496,0.140712,0.302363800538358,0.0467236,0.166909000847767,0.06314,0.148493,0.138472,0.149404,0.293342,0.026372044671646,0.167609146080994,0.053749,1
100,0.147101346151661,0.146188,0.160716,0.188898919848685,-0.055244740137548,0.153000020758168,0.102604,0.13756,0.129415,0.131225,0.218196982678496,-0.029554367957063,0.155504704510828,0.06878,0.129078,0.117152571557515,0.139986,0.174565870891191,-0.042778704087087,0.130066433771361,0.083628,0.114534,0.114534,0.124533,0.200384509071934,-0.015633085059859,0.129282682784664,0.055449,1
101,0.133152,0.146832,0.15504,0.21353268152674,-0.039171612889002,0.168164490901022,0.087552,0.130032,0.141771,0.132648077136078,0.210633339455082,-0.041950179215109,0.163482906730337,0.064170206872037,0.11817,0.130896,0.138168,0.190777423947384,-0.032073262863929,0.128172223363723,0.07272,0.12768,0.128592,0.116649752481761,0.191237505944833,-0.025878188370631,0.124032,0.047459063960428,1
102,0.15561,0.15379,0.16835,0.20520449556479,-0.057142131099124,0.159273398281069,0.09373,0.13394,0.13575,0.133035,0.20815786941646,-0.037700080838669,0.15566,0.06697,0.128957341928059,0.129646,0.133298,0.188644447964948,-0.047945842868403,0.128813914287238,0.075779,0.125994,0.131472,0.105908,0.197311530694483,-0.030246396901573,0.126936554112675,0.046563,1
103,0.145326,0.160864,0.168176,0.212979651628976,-0.040158975208306,0.170920443832796,0.096884,0.152208,0.141336,0.133182,0.245693101807926,-0.025526057603947,0.170337638025188,0.065232,0.120141121759663,0.160263435471089,0.141784296971333,0.181289,-0.043905756097561,0.14390628448056,0.077867854895329,0.138737780790785,0.14134442027947,0.114375,0.229754295389662,-0.032789755866373,0.145772451872773,0.04575,1
104,0.154056,0.154056,0.171479,0.207244028751132,-0.046615731870387,0.166934302825992,0.099036,0.14742,0.14378,0.137055182941529,0.221131872420056,-0.042035370414875,0.161162515803148,0.060976790666614,0.127887,0.140585,0.134236,0.185937212181962,-0.041046134434317,0.131527509749862,0.077095,0.118293,0.131131,0.122878,0.197174192089127,-0.040535503776513,0.136438999857079,0.049518,1
105,0.14742,0.162876535777854,0.15526452386944,0.176549381194044,-0.04214384472463,0.157432630035835,0.083724945506104,0.146188,0.155268,0.138016,0.218835535139977,-0.026293700866851,0.158902594264537,0.059928,0.149655,0.14148857373863,0.13274431493367,0.18321624503575,-0.026399216318139,0.147910538860488,0.071658740276396,0.132007500231345,0.13832,0.1365,0.203060540972391,-0.028992097157001,0.149309343646002,0.0546,1
106,0.163248,0.166896,0.165072,0.266492891912711,-0.007026159234355,0.173318395746095,0.084816,0.17376,0.16652,0.151135,0.261621710203874,-0.031132,0.169389795516141,0.064255,0.144531,0.147258,0.147258,0.253977267774106,0.003405794862904,0.163710874764018,0.070902,0.141648,0.148912,0.141648,0.251648723104251,-0.001351482468084,0.166322700170482,0.055388,1
107,0.163785,0.162352496038549,0.16104,0.210539491841792,-0.036066937875366,0.171224837713458,0.09699,0.159632,0.153283,0.142399,0.226795345465907,-0.029678005635123,0.171423,0.060769,0.133152,0.143724436260475,0.15048,0.198525034794104,-0.025873955149118,0.16781047824257,0.080256,0.14014,0.139275391625853,0.14105,0.217520458118311,-0.031906132155851,0.164833130771699,0.06006,1
108,0.13755,0.16506,0.172396,0.178817351266593,-0.056680609363793,0.166341373521442,0.093534,0.14014,0.14924,0.14105,0.197033388287366,-0.042468833278064,0.169348041618437,0.05915,0.113088,0.13770527889662,0.154128,0.167055399290176,-0.042835705065516,0.156218439065304,0.075696,0.133917,0.133017495958407,0.133006,0.183294467788856,-0.035918934048502,0.153437931842162,0.051016,1
109,0.163226,0.180649,0.158641,0.25588408093119,-0.006419,0.166101077931481,0.085281,0.171832,0.15801299652429,0.145326,0.251409818336516,-0.014508426277792,0.167301951512826,0.055754,0.130416,0.1596,0.137712,0.239966940123009,0.011031469490408,0.153313683146678,0.071136,0.149985,0.148221028175122,0.130896,0.238450989624703,-0.010820385226031,0.15016118742538,0.048177,1
110,0.16471,0.17472,0.17381,0.246625110238191,-0.020104640944844,0.173819528534627,0.09282,0.16744,0.16653,0.16835,0.259619666820524,-0.014487741489458,0.174956818672494,0.07462,0.135292,0.151636,0.16344,0.234307988118203,0.003829200326238,0.166203689249066,0.078996,0.147096,0.148004,0.152544,0.252482784522034,8.0748780508415E-05,0.16470879733639,0.065376,1
111,0.16471,0.14924,0.16835,0.242395031302211,-0.023894149512731,0.165659995170832,0.08463,0.168702,0.159632,0.156004,0.246810682815797,-0.025140694107583,0.166969314429329,0.064397,0.16326,0.143306,0.160412449426496,0.234148334619318,-0.018949485733456,0.152000319621374,0.069027407658118,0.148748,0.141492,0.141492,0.237677268961506,-0.015050298882247,0.154320659346051,0.055327,1
112,0.167262,0.149881525448916,0.177316,0.222470303681188,-0.041044950171963,0.163432298851849,0.085916,0.17233,0.157818,0.15419,0.227403911111924,-0.029089725670233,0.163282673425566,0.067118,0.130854467129327,0.134445731262412,0.160232710233617,0.206693191837564,-0.022612622715843,0.156218226849494,0.071783702885822,0.148004,0.139206443938187,0.155268,0.217080374165883,-0.026348999269095,0.154626828202612,0.059928,1
113,0.154804,0.171292,0.168544,0.220909879978239,-0.036868288813017,0.158510352721833,0.097096,0.157776,0.166759531319502,0.148250016076217,0.221736066240925,-0.044493796548816,0.161444608853935,0.063846513953387,0.14651,0.15296821538215,0.13832,0.209460177838175,-0.034103760056627,0.139277573571627,0.07098,0.14496,0.150396,0.142242,0.203146131481749,-0.03439354304653,0.140371536217283,0.057984,1
114,0.170544,0.169775994027333,0.17784,0.239006648275733,-0.037075231441207,0.161465215077428,0.082992,0.167808,0.172368,0.149568,0.262670249613465,-0.027001833564387,0.161550187966464,0.061104,0.139832,0.153622361809886,0.156176,0.229725794459395,-0.012079414388691,0.151611530959884,0.071732,0.146367100376302,0.154055122330019,0.145276884956794,0.251359395487815,-0.019280170644455,0.151522514828655,0.055696163243082,1
115,0.1188,0.1386,0.16665,0.27310615381203,0.02973320379926,0.20864835549316,0.086625,0.14025,0.132825,0.11055,0.283540870069907,0.038536180624514,0.209741546313552,0.061875,0.115443,0.124533,0.151803,0.259071378868836,0.040877206281234,0.197552282173606,0.07272,0.124533,0.119079,0.097621254210467,0.267020200527975,0.036920991433291,0.196881929775183,0.045486345467624,2
116,0.123223,0.129839,0.137282,0.224982002304629,-0.005789,0.173766456547286,0.077738,0.126896,0.134312,0.1236,0.210392873795668,-0.033064394749279,0.172233740713021,0.04944,0.105125613095695,0.115315672131147,0.130988037136359,0.21161544593909,0.000170315712701,0.17375215672906,0.068406079729802,0.106587597469554,0.1183,0.115051043145662,0.20048314068769,-0.035223564645979,0.172230572489323,0.050182189071423,2
117,0.158725,0.173237,0.185028,0.249431596276414,-0.05871731354583,0.219613901135607,0.094328,0.1589,0.157084,0.14074,0.270882439445602,0.018998153846154,0.222822903993283,0.064468,0.149985,0.157257,0.189072,0.240148097381595,-0.043842444707802,0.188198127155931,0.075447,0.156176,0.149655463194975,0.159808,0.255599984006259,-0.010896,0.188516632475758,0.060836,2
118,0.182508,0.17252,0.210656,0.272496836121082,-0.0568408,0.234714048322635,0.087168,0.165074,0.169609,0.169609,0.272222417462266,-0.015833248926377,0.233495695519211,0.074374,0.16288683399786,0.153662469550049,0.198187120739523,0.239757258261351,-0.039269733893005,0.201055512438729,0.072810843258405,0.16562,0.165664404075651,0.176692190756455,0.256645814304461,-0.028518676637103,0.197880540983696,0.060997158130523,2
119,0.17381,0.17472,0.19292,0.29575,-0.059796150264124,0.222131354157849,0.08099,0.167072,0.184324,0.1589,0.285943602495317,-0.005448,0.217988089362699,0.061744,0.15456,0.15732,0.19136,0.278797951211984,-0.052507835560788,0.194383612478007,0.07084,0.160512,0.155616471093616,0.171007177411919,0.259527703954703,-0.020650639073578,0.192570263124918,0.05655135436044,2
120,0.194312,0.156931429366548,0.184998500357114,0.316412921531343,-0.043357356543037,0.224305406978967,0.079924633699505,0.16109,0.18281,0.15747,0.2715,-0.029099230769231,0.220821854500409,0.064255,0.157896,0.166158,0.159732,0.286946595066051,-0.007964516364978,0.18826163514641,0.067014,0.156123,0.161736901399908,0.131810294666129,0.286927590665311,0.036022291223295,0.187387550613695,0.048397612441111,2
121,0.155952,0.16416,0.183312,0.253099307371632,-0.036011668899945,0.21710389387572,0.084816,0.16326,0.156911,0.132422,0.248544480341045,0.003424916939969,0.213152719009165,0.067118,0.142257038553072,0.15692090276557,0.172940486849753,0.233578475739953,-0.02667052746133,0.182813944418909,0.071675958347273,0.159775,0.150641885054381,0.120961894954023,0.249384408273653,0.001127568733518,0.18220241215198,0.052049008155776,2
122,0.142552,0.15244,0.163976,0.343632699352084,0.056973975451649,0.208478513732231,0.091464,0.130855209666564,0.133508861817884,0.122340774646131,0.314752366949003,0.025603065536014,0.212742850937464,0.058125919347568,0.122340498275569,0.110159280510003,0.15834,0.326938317882747,0.060470864870783,0.200038616771862,0.07917,0.125304,0.122739001372775,0.116164955592921,0.306645998062913,0.026003305138465,0.195523837973788,0.056303322104473,2
123,0.13974,0.154283942429615,0.16029,0.292891646046793,0.059532573231738,0.206557658245827,0.087954,0.145552,0.135628,0.126128292117565,0.306030229787843,0.041627704409753,0.204351013900103,0.067819042495453,0.122445,0.125610648166431,0.159157194171532,0.27988703261316,0.052729850547158,0.212472372728786,0.078007273077579,0.135755824751138,0.12829106573995,0.11648,0.303042297047788,0.041690731182699,0.210493445266117,0.06734,2
124,0.13858,0.13285007493148,0.164557295100049,0.253540499329003,0.046904,0.205059031500688,0.089383761388745,0.129324,0.135669327986676,0.113457265879216,0.267895297437264,0.0540508,0.203309609182645,0.072142054954097,0.11772918038565,0.121342599702484,0.149325,0.257950402257876,0.051335807161409,0.203625,0.078735,0.1183,0.113346165963094,0.12558,0.250785499780191,0.050105359443703,0.20111823512551,0.07189,2
125,0.176865,0.175958,0.200447,0.311101,0.013368042128335,0.227273641368725,0.100677,0.175244,0.179784,0.162099386480081,0.29928346667332,0.012061128807263,0.227654632072356,0.072645674778338,0.159984,0.158166,0.173619,0.283027627319313,0.017572661118967,0.194647020765795,0.076356,0.16362,0.158166,0.153621,0.268179649714515,0.007321788007356,0.195551232877729,0.052722,2
126,0.17108,0.145634830999005,0.20111,0.438925744061567,0.081799308932591,0.258287754452278,0.10556,0.197687,0.159425,0.145321823267313,0.41300865958597,0.052586967565738,0.240505725372599,0.070152915335002,0.143306,0.153283,0.175051,0.423631145334004,0.076632727949906,0.222941264197546,0.08163,0.17563,0.1547,0.1365,0.401311031744705,0.050454328168304,0.211860039176811,0.0546,2
127,0.155952,0.16416,0.19152,0.247178921043037,-0.004586172694141,0.219153429213417,0.099408,0.161424,0.16416,0.16416,0.250262172419245,-0.010165515526668,0.219945208013269,0.079344,0.116487,0.129129,0.191436,0.234505466413898,0.010304309610733,0.203193059197405,0.077658,0.138168,0.140895,0.147258,0.228377996492657,-0.013886673922779,0.207301829536066,0.053631,2
128,0.154128,0.145008,0.174192,0.217821038322748,-0.028527748806907,0.216299791955517,0.096672,0.148982,0.140756,0.13253,0.203922392316293,-0.036321570645106,0.215897557225643,0.063066,0.123574,0.131692,0.163262,0.20422881544973,-0.018732877447782,0.207061560865362,0.075768,0.134532728622017,0.134121789849201,0.124985041277238,0.199079301196784,-0.041412197102757,0.203520613818355,0.053661804712477,2
129,0.144372,0.177968,0.182508,0.316047918822447,0.072682819622,0.255206157073061,0.082628,0.170634746354759,0.145644,0.150224,0.315830105265473,0.038526423434419,0.254654589842791,0.067784,0.138446,0.169012,0.151931,0.311973725536302,0.063526131992356,0.233767659901878,0.074617,0.16653,0.14196,0.14924,0.295994898604689,0.035504568484521,0.237516973077715,0.05278,2
130,0.137775,0.110629119549018,0.152625,0.23394678481441,-0.020798490913158,0.165527157892595,0.0858,0.14025,0.155925,0.1419,0.249592157328711,-0.032206244626229,0.165876298035614,0.068475,0.101584,0.089793,0.142399,0.224388573784406,0.00689206091051,0.152594495133343,0.074374,0.129078,0.129987,0.13635,0.243226727061398,-0.021826365667095,0.150053847834702,0.060903,2
131,0.142552,0.13184,0.141728,0.245690216134058,0.010605900821208,0.16480823979401,0.088168,0.151984,0.166904736044773,0.15694,0.261080033284815,-0.037964563081906,0.163623073678501,0.066906,0.111069,0.110166,0.13545,0.231944475237071,0.031583816465129,0.153605582007947,0.071337,0.135408584154123,0.137864,0.14512,0.245433596673316,0.032974912707111,0.14602981674302,0.061676,2
132,0.144375,0.150975,0.1584,0.245026388884953,-0.011746514672756,0.165002062487109,0.091575,0.146316,0.143028,0.146316,0.233540601352313,-0.041003294117647,0.156182163142915,0.06576,0.111315,0.118555,0.13394,0.22806,0.03870133515724,0.145806145017966,0.076925,0.13213,0.125795,0.142085,0.230776774502981,-0.033708631776924,0.145716241802347,0.06154,2
133,0.13264,0.126008,0.147562,0.23342643955859,-0.000330671291159,0.170872566215294,0.089532,0.146672,0.150775207082748,0.165624,0.249836473878415,-0.034230758521953,0.162403271888223,0.07416,0.10848,0.097632,0.138312,0.215637636789128,0.011069464110359,0.153775687857346,0.075936,0.126073,0.134236,0.157818,0.241595926803413,-0.018448634065333,0.151479861885995,0.061676,2
134,0.137448,0.135792,0.152352,0.228623979844635,0.008140972919819,0.161493965658163,0.096876,0.14432,0.13776,0.14596,0.241148323651648,-0.027618101072473,0.160728367129141,0.07298,0.100912,0.115328,0.145487377636169,0.210851326211148,0.019457417663596,0.150685347562396,0.081215042479826,0.138472,0.122985,0.135800611115819,0.236091410690859,-0.020312863678696,0.149540032583252,0.064706656883199,2
135,0.189154,0.180068,0.194936,0.355183841839687,0.046881984621181,0.218896233873495,0.071036,0.174075,0.18975,0.1452,0.360728832539069,0.03984568683445,0.217102006554523,0.043725,0.17014,0.16833,0.17738,0.343053497650148,0.043243853007837,0.20921360866349,0.06516,0.16653,0.18473,0.13559,0.356186833698271,0.023931161873788,0.20776716968761,0.04095,2
136,0.132023822699409,0.15618,0.183306,0.212912281374279,-0.015965488378486,0.180244939146707,0.074802,0.153822,0.138109,0.162919,0.228325399430287,-0.042610581840116,0.177853074896106,0.054582,0.110946,0.134398,0.165968,0.200373975835187,-0.009229099671215,0.171780684234287,0.06314,0.135143,0.12698,0.152376,0.221844487028639,-0.044712440307712,0.168711752406286,0.042629,2
137,0.126742,0.137441,0.146854617978583,0.190413816121625,-0.017971733883528,0.181665016434095,0.073251623449586,0.130982,0.131811,0.128621318962917,0.160305965930779,-0.040033013377862,0.180083912521358,0.054291589118389,0.117638,0.110569495926807,0.1347,0.178107609472476,-0.013645398460447,0.172605317936615,0.056574,0.115824,0.119472,0.125420199328786,0.168966306700478,-0.040454683736006,0.17448064043899,0.046832776214954,2
138,0.129839,0.137282,0.14886,0.221490918933486,-0.009961817811626,0.19360456824414,0.07443,0.136612,0.122451,0.124117,0.201923048808203,-0.042558939046121,0.165188331685383,0.064974,0.118668,0.123163,0.140244,0.209341565447476,-0.018857940481033,0.182815579076292,0.071021,0.122445,0.113375,0.146977143253518,0.182388205794673,-0.051829659246882,0.183357626871641,0.054487982537437,2
139,0.132490774185309,0.137261173066173,0.150497007334601,0.217365160501861,0.000826,0.192635171669143,0.071270925488589,0.121007340804881,0.152709850316075,0.138361345173606,0.200828820653312,-0.047548936652697,0.192092260317796,0.058264894027193,0.120099,0.120321973028588,0.13860003588485,0.212327926097817,0.00389194183399,0.184231918040822,0.064138431575772,0.120631,0.120631,0.136705681702176,0.190050590617341,-0.051949013893432,0.183861674519188,0.048105214239207,2
140,0.179586,0.162353,0.169120371376282,0.364726793498915,0.059835952768804,0.199162413203395,0.082541983366042,0.15652,0.16562,0.147658702229884,0.333270029405586,0.027324551561714,0.200251697870455,0.060232101905877,0.13635,0.13635,0.145034636994278,0.347280829819326,0.054507283689218,0.171810618778351,0.065454312195607,0.144531,0.144531,0.137259,0.321797554877286,0.028924202884436,0.164551597895614,0.051813,2
141,0.178679,0.165074,0.177772,0.368460865992577,0.074267383161922,0.215934585742998,0.083444,0.170544,0.171456,0.160342338926796,0.334735061229026,0.037523009516829,0.216376684880788,0.063866051827242,0.147744,0.149568,0.153216,0.346128931908328,0.065531749815192,0.19269332019559,0.066576,0.144213,0.149655,0.157818,0.314157358385889,0.034225749320924,0.195080920104966,0.062583,2
142,0.163443,0.159831,0.169179007256899,0.292227598219265,-0.025750915300375,0.193244109801567,0.085001994970707,0.1638,0.16653,0.16016,0.305765416618688,0.016537366749809,0.192973648200991,0.07098,0.137864,0.140190240484099,0.147917639162049,0.282362662427241,-0.008392394020615,0.174606334192091,0.076382109868738,0.142085,0.15385,0.149325,0.287932260436374,0.022841167330064,0.16658146963273,0.05792,2
143,0.165981,0.15419,0.177772,0.363127505927326,0.0628136731132,0.211828680081334,0.08163,0.161247,0.17309,0.157562450991593,0.304978255344541,0.042070352220035,0.210064036831629,0.073841593766657,0.132276,0.136806,0.158149382901807,0.343047541381657,0.061503387455372,0.183097197990575,0.067956039731579,0.137223687583846,0.143306,0.15419,0.28530016238341,0.048615538431658,0.177616909389281,0.05442,2
144,0.154128,0.1596,0.176016,0.272075754156816,-0.038369981462639,0.19365348814829,0.082992,0.16744,0.15743,0.15015,0.271193741262589,-0.02638215400607,0.192225518857409,0.06825,0.1267,0.122624141609088,0.15204,0.24798486269327,-0.001507905982897,0.15113770955655,0.064255,0.141492,0.134236,0.13605,0.249795769880116,-0.008749882352941,0.150050259849825,0.048978,2
145,0.16016,0.16107,0.165152400335601,0.408475473927138,0.110491511007341,0.251899111749129,0.091914504840096,0.17563,0.1547,0.124741197031746,0.382512955205441,0.0296138293625,0.249854250714291,0.080100679148182,0.131515,0.139678,0.15419,0.375778320486959,0.089480271079149,0.226635689186412,0.076188,0.153283,0.147841,0.128794,0.355878183508065,0.000576733451507,0.221964971583356,0.055327,2
146,0.161446,0.162353,0.162353,0.408730067800254,0.03721012254537,0.245234082347866,0.085258,0.15538,0.166348,0.138928,0.410487769118643,0.098342006548791,0.244077363866459,0.071292,0.139965,0.139829524613083,0.147972585229882,0.386788747841764,0.030375823581699,0.224025910423326,0.072380956231595,0.134384,0.153452,0.14074,0.384325413492264,0.089287405952476,0.221775166292351,0.061744,2
147,0.176085,0.172473,0.17157,0.265465106605369,-0.00920924690394,0.199374956654541,0.086688,0.163069,0.162158,0.159425,0.267064431813748,-0.019788826529407,0.20305697506365,0.067414,0.159722180743313,0.147678,0.164892,0.245365475199752,0.009462413823592,0.175728970736188,0.07248,0.154200003496166,0.147111028988893,0.139678,0.245301164092224,-0.01881486072703,0.174608689901162,0.048071,2
148,0.146286,0.146286,0.141771,0.226768094283565,0.01778568032763,0.187973716771787,0.08127,0.144372,0.141648,0.142556,0.216258457406872,-0.041855123044991,0.191019117493512,0.0681,0.115357636616775,0.124506221029335,0.13032,0.211493291442069,0.028154027428248,0.170803016659543,0.07059,0.132714,0.122715,0.150922588293012,0.199321958253475,-0.044554911092943,0.169713002147744,0.054661065631764,2
149,0.158375,0.150916452467052,0.163805,0.269042359954711,-0.002796561457977,0.210320520218546,0.09231,0.15379,0.15834,0.155985317630507,0.234725323090629,-0.071060456826032,0.209641959779048,0.074642191822052,0.132365291744833,0.121635,0.153243281949833,0.253057523270896,0.037904319704985,0.188627744589708,0.073931428587577,0.143895,0.135771141093635,0.152711871979489,0.211947831317048,-0.060042362910431,0.180340410682132,0.060641753355259,2
150,0.1456,0.171177240645605,0.15561,0.274127587995079,0.018402458548346,0.188405165799667,0.07189,0.146188,0.13717814005854,0.137496836840012,0.248050244619916,-0.027943892259656,0.19180304518959,0.059026984202143,0.130608,0.153283,0.142849846459028,0.252225920787297,0.015923448076034,0.166888,0.059868870817813,0.14517047964109,0.127236939332098,0.122879481594568,0.232305347334064,-0.026790217173894,0.16850195128247,0.044480005002248,2
151,0.16835,0.18109,0.160675780394873,0.268463880997053,0,0.17654,0.073715617069926,0.179073,0.176346,0.148981044059307,0.282700461411013,-0.025334882506088,0.175495863182013,0.05547879527351,0.152945,0.15385,0.161995,0.251630689155755,-0.011147315495047,0.166529836665986,0.06335,0.156911,0.156911,0.144759174107078,0.259459077636532,-0.025244807998967,0.164177021793551,0.042638647844415,2
152,0.16016,0.17017,0.16107,0.235718106432238,-0.033586479227537,0.172396371771566,0.06825,0.15743,0.159048659912923,0.127598290686043,0.259866748353844,-0.002836931362003,0.174729478909542,0.039140579965044,0.14512,0.150638801613021,0.128794,0.222333433745355,-0.013561942887372,0.139916325898731,0.05442,0.146934,0.146131811239058,0.118575875826833,0.224058374592426,-0.000907,0.143306,0.036291335729069,2
153,0.157121571291196,0.169796,0.16798,0.240002452820799,-0.02095539187237,0.171902410361228,0.073548,0.183279640162529,0.167741489918147,0.158346822684645,0.215635613310974,-0.03744295181039,0.171236396808622,0.064351516066057,0.135932062516431,0.145814662323539,0.152227387435879,0.229150214924621,-0.005490369086688,0.164045011201194,0.061786252516235,0.152375526883323,0.155957905068865,0.160199014752799,0.191168146907376,-0.038948274277955,0.162244844861093,0.056003699484945,2
154,0.17199,0.17927,0.159605821228305,0.284166351456326,-0.007711309507751,0.174722369775596,0.071895759262977,0.174665,0.163787408303433,0.145705,0.266988804727839,-0.027035463036492,0.175628302175361,0.05068,0.141492,0.160584464418256,0.152001250628104,0.254868613873894,-0.008417210663103,0.166614196589006,0.059868870817813,0.156911,0.149258895214793,0.142399,0.254997690691504,-0.021208567630373,0.167856272596528,0.048071,2
155,0.134495794314562,0.1547,0.18564,0.338375641262784,0.04648104034355,0.210933603060299,0.09009,0.15652,0.15015,0.156947029152953,0.286501183592669,0.03122796261404,0.205371899976603,0.06930950944856,0.128169,0.130484242225217,0.158166,0.319476969817857,0.041969407432798,0.199212073301294,0.076356,0.13756,0.143362350830569,0.13756,0.278117852762098,0.03899930007033,0.189326778679087,0.05611,2
156,0.139536,0.141729623432335,0.1824,0.317396964824807,0.055672996505489,0.204452826363443,0.089376,0.153216,0.152304,0.148974627931437,0.292764784767567,0.058702812573801,0.204946510094708,0.068454698129493,0.129701,0.138662390557096,0.153088592745956,0.297994708518457,0.069361487021257,0.181150403284122,0.076193398618253,0.146286,0.13750473574609,0.139217004105168,0.274565461899344,0.053349147455684,0.182977303346617,0.05962535735742,2
157,0.157208,0.154466,0.17317290076878,0.395270921652479,0.057753914288883,0.210674521677397,0.084092967244592,0.15015,0.157119627867828,0.14700076752584,0.313448439938692,0.029329682575848,0.206313276596539,0.067346148367965,0.126679985790983,0.145091440688945,0.14592,0.377291434941214,0.047891258525396,0.193389164536176,0.07296,0.137853,0.132447,0.131312609038309,0.297163404843194,0.033724175271323,0.183673662121165,0.052289059735283,2
158,0.154056,0.17423,0.189819,0.323004057090619,0.05250823646947,0.198991112892008,0.088032,0.150562,0.141492,0.161045546269148,0.29035476949587,0.042437575101236,0.198633,0.06546127588888,0.14014,0.13569554616862,0.16744,0.297017085703836,0.045207549192632,0.17383143846842,0.07553,0.131546,0.134721408349356,0.138754,0.272155696688495,0.046019831661853,0.175704240782629,0.049555,2
159,0.156465,0.16836,0.21045,0.32950292142104,0.050111985017765,0.203307152481166,0.096075,0.158912238805931,0.150801,0.159216866880007,0.305406294453798,0.040172777838933,0.204325575491665,0.073148573861696,0.135001113568898,0.152412934041754,0.171840570375194,0.307155379786843,0.061552554484044,0.182468489970186,0.078252390123242,0.147928,0.139556559381151,0.146721071651308,0.283801940768558,0.030315789259065,0.184348146396974,0.052347094207797,2
